Utah giants,arvid@yahoo.com,"Outdoor Sports, Water Sports, Shopping, Running"
Nebraska chimeras,adelbert_stark@hotmail.com,"Water Sports, Shopping, Outdoor Sports"
Alaska cats,samir@yahoo.com,"Water Sports, Running, Nightlife, Shopping"
New Mexico dogs,stacy@yahoo.com,"Running, Water Sports"
Texas cattle,isaac.bode@turcotte.name,"Running, Water Sports, Nightlife"
Rhode Island cats,domingo@goodwinrath.co,"Running, Water Sports, Shopping"
Maine bears,osbaldo@pacochalegros.name,"Water Sports, Running, Nightlife"
Missouri dolphins,hyman_heel@sauer.biz,Water Sports
Louisiana black cats,eliza.herzog@yahoo.com,Live Music
Virginia penguins,viva@weber.io,Running
Michigan sons,evalyn@gmail.com,Water Sports
Vermont oxen,letitia@yahoo.com,Outdoor Sports
North Dakota horses,emely_dietrich@bogisich.com,Live Music
Wyoming sheep,daphnee@vandervortaltenwerth.info,"Outdoor Sports, Live Music"
Tennessee sheep,will.heidenreich@hotmail.com,"Outdoor Sports, Live Music, Water Sports, Running"
Florida frogs,kelli@grady.co,"Live Music, Outdoor Sports, Running, Water Sports"
Delaware frogs,easter_thompson@hotmail.com,"Live Music, Water Sports, Running, Nightlife, Outdoor Sports"
Oklahoma ducks,fae.boyer@howell.io,"Running, Nightlife, Water Sports, Outdoor Sports"
Iowa ants,jennyfer_auer@hotmail.com,Outdoor Sports
Virginia oxen,monica@rowecarter.net,"Outdoor Sports, Running, Live Music, Shopping"
Indiana dragons,don.legros@yahoo.com,"Outdoor Sports, Water Sports, Nightlife, Live Music, Running"
New Mexico griffins,connie_hammes@gmail.com,Running
Tennessee foes,amina.lindgren@gradyharvey.biz,"Running, Nightlife, Water Sports"
Massachusetts werewolves,diamond@gmail.com,Shopping
Iowa sorcerors,jalyn@yahoo.com,"Running, Nightlife"
Pennsylvania monkeys,freddie_bauch@gmail.com,"Outdoor Sports, Nightlife, Water Sports"
Missouri ducks,joseph@sawayn.io,"Shopping, Water Sports, Outdoor Sports, Nightlife, Live Music"
California zebras,waylon@christiansensmitham.io,"Water Sports, Live Music"
Pennsylvania bats,reese.wehner@yahoo.com,"Running, Live Music, Nightlife, Water Sports"
Washington dragons,annie@hotmail.com,"Outdoor Sports, Nightlife, Running, Live Music, Shopping"
Massachusetts bees,lou@yahoo.com,"Outdoor Sports, Live Music, Water Sports"
Arizona exorcists,rollin_herman@webersipes.com,"Running, Shopping"
South Dakota conspirators,seamus@conn.biz,"Nightlife, Shopping, Live Music, Water Sports, Outdoor Sports"
Iowa elves,lloyd@harris.co,"Outdoor Sports, Shopping"
Colorado vampires,dashawn.maggio@hotmail.com,"Water Sports, Outdoor Sports"
Utah zebras,dallin.dibbert@adams.info,"Water Sports, Running"
Rhode Island banshees,sylvan@hotmail.com,"Nightlife, Running, Water Sports, Live Music, Outdoor Sports"
Michigan prophets,myles_lynch@vandervort.org,Running
Florida nemesis,garret_hermiston@yahoo.com,"Shopping, Running, Live Music, Nightlife"
New Mexico oxen,madaline@mccullough.biz,"Outdoor Sports, Water Sports, Shopping"
Utah horses,caidy@yahoo.com,"Nightlife, Water Sports"
Wisconsin bears,cortez_ohara@terry.com,"Shopping, Nightlife, Outdoor Sports, Running, Live Music"
Maryland crows,eloy_howe@yahoo.com,"Water Sports, Shopping, Live Music, Running"
Vermont whales,wilfredo.nader@sengerkub.info,"Running, Outdoor Sports"
South Dakota worshipers,niko@gmail.com,"Water Sports, Live Music"
Arkansas chickens,shayna.huel@yahoo.com,"Running, Nightlife, Live Music"
New Hampshire goblins,iliana.schuster@yahoo.com,Running
Georgia dolphins,jewel@yahoo.com,"Running, Shopping, Water Sports, Nightlife, Live Music"
Pennsylvania cats,van_swift@blick.io,"Live Music, Outdoor Sports, Running"
Vermont foxes,alyon.botsford@yahoo.com,"Nightlife, Running"
Nebraska sons,rickie@hotmail.com,"Shopping, Running, Nightlife, Outdoor Sports"
Pennsylvania warlocks,pink.welch@blick.co,"Live Music, Outdoor Sports, Shopping, Nightlife"
Pennsylvania ducks,germaine.kutch@yahoo.com,"Nightlife, Water Sports, Outdoor Sports, Shopping, Running"
North Dakota lycanthropes,darby@hotmail.com,"Nightlife, Water Sports, Outdoor Sports"
Maine spiders,enrico@gmail.com,"Water Sports, Live Music, Running, Shopping"
Indiana vampires,clyde.welch@ko.net,"Nightlife, Outdoor Sports"
Connecticut wolves,kiera_moore@baumbach.co,"Shopping, Water Sports, Outdoor Sports, Running"
Colorado foxes,nakia.schmitt@hotmail.com,"Running, Water Sports, Live Music"
Utah zombies,birdie@hartmanntorp.info,Outdoor Sports
Wisconsin foes,berry.little@yahoo.com,"Live Music, Nightlife, Water Sports, Running, Outdoor Sports"
Oklahoma fishes,consuelo_daugherty@gmail.com,"Nightlife, Live Music, Outdoor Sports, Running, Shopping"
West Virginia sheep,lori@walker.name,"Water Sports, Running, Shopping"
Florida druids,llewellyn.osinski@yahoo.com,"Nightlife, Water Sports, Shopping, Live Music, Outdoor Sports"
Vermont oxen,bryon.powlowski@gmail.com,"Outdoor Sports, Shopping"
Vermont ants,randy.blanda@murazik.net,"Live Music, Nightlife"
Alabama lions,obie@osinskikoepp.net,"Outdoor Sports, Running"
Oregon black cats,caandra@schumm.com,Outdoor Sports
Louisiana foxes,dagmar@gmail.com,"Running, Nightlife, Live Music"
Louisiana nemesis,nona.pagac@towneokuneva.name,"Nightlife, Outdoor Sports, Running, Live Music"
Iowa vixens,samir.hackett@hotmail.com,"Nightlife, Shopping, Water Sports"
Kansas owls,kaitlyn_bayer@gmail.com,"Shopping, Running"
Rhode Island gnomes,holden@yahoo.com,"Water Sports, Nightlife, Running"
New Mexico cattle,dovie@wolf.name,Shopping
Pennsylvania chimeras,laura_hodkiewicz@ebertbotsford.com,"Nightlife, Outdoor Sports, Running"
California dwarves,benton@hotmail.com,"Outdoor Sports, Shopping"
California rabbits,travon@hotmail.com,"Shopping, Water Sports, Nightlife"
Texas werewolves,kavon@wolffschoen.name,"Shopping, Live Music, Outdoor Sports"
Maryland chimeras,stacey.price@yahoo.com,"Shopping, Live Music, Nightlife, Running, Outdoor Sports"
Louisiana bats,clinton@damore.io,"Nightlife, Running, Outdoor Sports, Live Music, Shopping"
Kansas druids,lorenzo@sporerhyatt.com,Outdoor Sports
Indiana foxes,elvie.ortiz@hotmail.com,"Water Sports, Running, Live Music, Shopping, Nightlife"
Wyoming goblins,larue.harris@yahoo.com,"Live Music, Water Sports"
Mississippi cattle,reynold_sipes@quitzon.co,"Shopping, Nightlife, Live Music"
Nevada fishes,arden_gerhold@hotmail.com,Live Music
New York pigs,jillian@hotmail.com,"Nightlife, Water Sports"
Kentucky owls,corbin@hotmail.com,"Nightlife, Running, Live Music, Outdoor Sports, Water Sports"
Iowa tigers,jayda.funk@hotmail.com,"Shopping, Outdoor Sports, Water Sports, Live Music, Running"
Florida prophets,jennifer.spencer@hotmail.com,"Outdoor Sports, Live Music"
Missouri exorcists,kylee_sanford@gmail.com,"Outdoor Sports, Water Sports"
New Hampshire druids,kimberly@yahoo.com,"Live Music, Outdoor Sports, Shopping"
Montana dragons,jordon@greenpagac.io,"Shopping, Nightlife, Water Sports"
Tennessee black cats,norberto@gmail.com,Outdoor Sports
New York foxes,frieda.hansen@raynor.info,"Water Sports, Shopping, Running, Live Music"
